Y,text
1,want make feel superior someone successful
1,end supposed feel guilt expending much time money trying fill little bubbles medals game
1,yeah fans hyping tsm clg worlds last year persistent amiright
1,yeah got raped wearing dress
1,identify transgender get oppression points
1,least respectful beliefs tries simply state disagrees without ridiculing opponents
1,everyone knows money comes taxes taxes infinite always tax rich defined anyone earning said sjw
1,understand looking assemble better team cavs heat make decision
1,yea lower income college students areas artesian olive oil shop get things
1,wow crazy awesome man like cannot believe one posted
1,pretty sure melkmen count significantly decreased roids
1,call dad remind still love time takes issue
1,makes sense conor got koed sparring dodge nsac hearing
1,yes need take strongest nonboss mob game make even stronger
1,stock market well past quarter invest
1,take employee month picture replace butt month
1,yeah lebron wanted would finals record
1,choose plethora isps service area
1,hell would add feature present
1,vegans allowed clock slaughterhouse cannot understand cut meat
1,democrats angered thing better enemy
1,farmers revolting sure let bring back ddt
1,crackers flesh person yeah perfectly normal see
1,wow must slipped past song brilliant find man
1,totally going make people realize help
1,one trailer one planet quintillion lots small continents god must like
1,danil around get say
1,yes never large sites using sql backend
1,nooooooo mess way behind schedule everyone panicking
1,cant even witcher ultra settings dualmonitors dirty peasant pleb
1,yeah white abolitionist spoiled brats sticking slaves could even relate
1,way real robbers would ever yell police
1,obviously get temperature conversion table upgrade
1,con showed villain spoiled whole movie
1,hours without ciggerate like pregnant woman say weeks pregnant make math man
1,heretic everyone knows human eye cannot see fps
1,absolutely connection mtg see cap much money spend cards cap many events play per day absolutely semblence mtg skinnerware garfield talked incentivised spend limitless amount money see
1,tom brady success coached bill belicheck
1,bethesda release pipboy editions shall stick cucumber ass
1,lyrics deep meaningful like mulatto albino mosquito libido yeah
1,well oswell whent curiously missing scene olj anyone
1,youre know hot guy wants fuck without commitment definitely happens hot people
1,yeah man shitty skill update totally ruined pvp fucking gave aids gave cancer gave bird flu
1,people tell truth lying people never bothered send appeal valve heard bad support
1,yeah totally play cheaters time
1,never got part commienazifacist teachers forcefully took away bible told ever read
1,much food people start complain say skin insensitive people allergies people cannot eat foods
1,yeah clearly omnidroid could survive city busting attack
1,isco would amazing know friend florentino perez loves making deals barca
1,say grow balls tax get healthcare education covered super expensive schooling could mean college ipad youtube course videos need get everyone covered pay taxes person insurance dream
0,special demonstration frenetically shake type furniture uncover hidden evidence everything top stays place
0,little shy certainly problems seats cars planes like would say problems like start
0,comments gawker article posted facebook wil wheaton
0,got annie wonderland watched spotlight promptly disenchanted lol
0,everything said blount guessing patriots going get much picking brain
0,grandmothers shame guilt trip love
0,already measured field shaped exactly supposed meaning coils shaped way works
0,orion others meh vallar spouts narrative like nobodies business also thanks changing flair difficulty reconciling statements stars stripes
0,theory nop would trade still jrue would received noel
0,whitetailed deer turkeys eat stuff fields fields others
0,misuse force kill someone vacation sing metal band youre fired disgrace
0,stay lane feelings hurt isnt interesting think would react someone said exact thing complaining racebaiting bullshit
0,omg omg omg omg want spiderman back black black soooooooooooo bad freak
0,gpsly positive exact place facing direction
0,saying haha must underage reeking wit originality
0,lol act like anything said original like anarchy shit gotten past
0,wait total two states sanders clinton yoooj
0,problem sober still puts blame
0,bushs invasion iraq lead deaths way people obama drone campaign
0,like people clean stuff like well hope
0,trump really responsible protesters common sense
0,actually republican caucus primary none weirdness secret ballots
0,less less factor boomers died gen millenials make decisions
0,want least one really long course takes least min complete like rainbow road like split one lap laps idea would much fun race would really work extremely long course
0,maybe come visit work visa intern place
0,everyone used believe slavery certain races superior others
0,think numbers simply refer evs gop always dominates mailins dems hve overall lead sum huge advantage blue team
0,left clock started gotten boost ults
0,maybe israel armies already inflated need massive standing armies anymore
0,excellent ive searching replacement hola since sold dropped bunch crap
0,thank would course spoken thank colon closedparenthesis
0,ignoring mosquitoes completely assuming got partner
0,yea really wanted find movie plot twist watched might spoiler unusual suspects shutter island still got shocked ending tho
0,course cops mad department insurance rates funding coming increased taxes community
0,hey recreation group black females would probably able hear
0,yet another tortuted intellectual know speel
0,morgan walking around woods minutes episode real time
0,showing new wheels step break new wheels
0,also hate games like fallout anything based dungeons dragons stuck past
0,problem start working model pretend smarter come answer
0,surprised one going angle people stayed home media acted like would stay blowout
0,yeah idc busy reading comments actual thread actually quite amazed learned creator channel
0,add album library shall sit recents section quick access
0,love people sweep everything shelf like supermarket sweep something
0,hahahahah think stop jordan thing vlogs gilbert vlogging funny
0,plus got decent hard drive optical drive could used movies
0,underused throwing money city run going change
0,going ahead assume buying items reach limit still shows page lol
0,glued new fan old cooler would attached glue
0,damage lacklustre passive slightly increases respawn time could unique niche pick
