text,Y
perfect blend spice sweet transformed steak mushrooms something magical easy fix brown meat veggies mushrooms case remove pan mix coconut powder sauce cup water used filled rim another reviewer mentioned coconut powder difficult mix using whisk solved issue able whisk everything together matter seconds everything mixed together add meat veggies back pan bring boil another reviewer mentioned tough vegetable pieces leaves noticed cooking couple minutes longer solved issue think might easiest tastiest dish ever anxious try varieties prima taste kits,1
coffee shop town carried big train vanilla chai stopped serving ordered good remembered,1
great price amazon going provide product feel product great service amazon zero stars,1
love product feel disappointed seller longer offers prime day shipping dog super picky eater really seems love fromm switch flavors stays interested,1
spices smelled fresh impressed amount get money,1
bariatric surgery couple months ago drink lots lots liquid one allowed beverages decaffeinated tea never much tea drinker thought would give wild berry zinger try absolutely love berry ish overwhelmingly quite sweet enough add one packet splenda make perfect find soothing calming possible cup tea drink cups course day even cup bedtime love flavor love feel think anyone else buy would enough,1
searching best coffee bean ordered many coffee sites roast beans weaver beat hands seriously best coffee ever tasted french roast organic whole bean favorite rich full body taste love darker roasted coffee pleasantly surprised taste zero bitterness christmas many friends relatives getting weavers fantastic,1
olive oil within canister seems good quality gallon metal canister arrived survive journey abroad without major dent canister wobbles much moved oil large glass bottles kicked container one last time,1
great job add yogurt accidentally used french vanilla yogurt still good think plain yogurt best,1
bought mainly flavor kasha pilaf also add lentils beans cooking great flavor without lot salt,1
really like sea salt different flavor colorful use veggies,1
started feeding jack baby acquired neighbor still young leave mama switched bottle fed loved year old neutered male fur baby eat nothing else run suffer cats household eat food finally break either rush order drive miles one way nearest store carries product,1
excellent tea enjoyed years shipping costs thought much heavy orange cinnimon reminds days visited pikes place market often sip shopping items,1
love tast cranberry squares touch tartness dense soft palate eating place isweets seems kill urge gourge sweets wife finds dense problem best try notest see like first,1
first tasted tea london took home run canadian worker gave tea christmas gift first sips love knew tea london tea drinker drink tea help digest food keep awake perfect like scented fancy tea like aroma mixed hot water job tea,1
like making salsa occasionally heat briefly microwave right pyrex serving dish good without lot fuss delicious fast economical,1
buying purchased product within weeks happy quality quantity brittle price,1
nice cinnamon flavor great price much lower chain grocer never buy another brand long available,1
never ate months ago addicted candy stop eating good,1
loved baking mix made pancakes yummy also made chocolate chip cookies scones husband problems gluten loved thank amazon caring product,1
visiting london years ago hotel packets cadbury highlights hot chocolate mix along usual coffee tea tried hooked sisters travelling creamy chocolatety calories beat wish easier find across pond,1
excellent ordered honey july way jar already ordering shortly really delicious since unfiltered natural goodness still love,1
following review wrote last week title better without awesome part added week product found new use totally makes product beyond spectacular least original review time gave stars bought product based review nutrition action magazine supplemented positive reviews army years used unusual presentation usual foods would still give product positive review mistake product peanut butter yes peanut buttery convenient calorie saving however cheap slim athletic guy need count calories much product like concept realistically unusual mouth feel somebody else said want use sandwich disappointed agree also disappointed putting celery let set mixing hour texture becomes set still craving tablespoon worth try chocolate one better kinda like mixing nutella quite good original review tried chocolate huge chocolate taste anyway decided use chocolate celery better stirrer celery stick anyway chocolate celery comes together magic totally elevates product new level chocolate peanut butter placed celery rib stirring like eating chocolate frosting bowl without guilt nutritious filling guilt free snack sold,1
best pop corn ever bought calorie low salt looking flavor great sure ordering product,1
kettle chips flavors hit miss flavors terrible simple delicious probably one best flavors pros thick crunchy potato chips light salt compromise taste eco friendly business giving lip servicecons occasional burnt chip bag pain open tab pull time end tearing entire side bag use scissors instead,1
like convenience taste suddenly salad products however chipotle ranch favorite right amount zing without going overboard creamy flavorful take family long pack highly recommend,1
great product product spicy goes good wendy chili anybody looking kick food get,1
never thought could buy bread box would good goodness floored husband loves bread eating like nothing perhaps added cheese mix found bread used make manner things buying,1
great storage fits small spot easy install screw driver seen face cabinet,1
chocolate fantastic mix scoop mashed banana eat straight bowl yummm,1
last trip costco picked bag wild roots coastal berry blend trail mix consists almonds cashews along dried blueberries cranberries yogurt chips somewhat high fat calories good vegetable fat taste quite excellent good product gripe nuts bit stale although product expiration date feb well trail mix good enough bought second bag costco nice fresh quite excellent gary peterson,1
reading reviews decided try product great product tried angel hair pasta version quick prepare accepts pasta sauces readily thing noodles want stay bundled together stuck together difficult separate dish onto multiple plates,1
best irish tea buy wee bit ireland states would highly recommend favorite tea ireland also prompt delivery thanks,1
dreamfield pasta great tastes likes regular pasta without sugar spike although never experienced issue sugar spiking diabetic people reported spiking sugar level hours eating product diabetic might want test sugar every hour least hours eating see react,1
despite incredibly high amounts sodium ungodly amounts heartburn still eat least cans stuff week regardless terrible makes feel addiction issue rate stuff good,1
billy mays ever dissatisfied blue candies well search hershey innovative blue raspberry design gives burst sugar pure deliciousness straight mouth bother plain old normal candies could amazing candy deal low low price wait order next minutes pay shipping handling value free waiting call order,1
liked smooth tasting aftertaste sweetenedand left amazing added thin thisamerican palette still enjoyed lot purchase noteit says shake unlike starbucks products better shake orleave product bottom,1
tasted bali best iced tea candy found flavors spot like cup sweet tea tasty since good job candy decided try green tea latte candy since enjoy green tea well difficult describe taste candy milk flavor adds creaminess reminiscent butterscotch instead cloying butter flavor fresh green tea flavor little tannic edge aftertaste natural sugars add right amount sweetness may created perfect green tea candy every flavor well balanced ingredient list short natural candy enjoy long time without indulging getting sick pack last long time great bargain,1
new spice garlic salt lol love flavors blend well wish fish chicken even tofu,1
bar excellent taste consistency especially something healthy plan order several next time order coffee,1
become husband favorite coffee love tassimo brewer gevalia blend starts morning perfectly,1
pricing tea excellent compared local grocery store better half automatic shipping option even better value breast cancer survivor doctor recommends product several times day price quality imperative great amazon offering,1
best gluten free pasta years nothing else compares wish made lasagna,1
great toy dogs chew everything else little cheagle chihuahua beagle mix literally eats toys one toys yet destroy loves carries around everywhere got rex cutest thing,1
love coffee good coffee maxwellhouse ultra measured pouch good handy pre measured pouchess live alone brew coffee everyday also comes handy guests flavor rich without bening rich would recomend family friends heart beat hold back getting product says office supply got home happy product brava maxwellhouse mary forman,1
bone really durable gives dog good chewing workout leave little plastic pieces around carpet like seen similar products,1
learned many toxic ingredients preservatives dog food dog treats found zuke great healthy resource dogs little mini treats small enough natural make dogs fat yet delicious enough still feel like getting treat sure keep bag tightly closed keep sealed jar get dry hard,1
love product tastes great great price buy complaint buy six try,1
quick easy way make ice tea wish would come green tea cold brew summer gallons going times easy drop bags pitcher put fridge soon great tasting ice tea,1
bought amazon running buy get sale made jack link products cheaper geletan bound pre fab dog treats available pet store price per ounce actually course pups think run good dog truck write angry rebuttals telling good dogs let assure really treats especially good sometimes rare behavior snip stick button sized rounds kitchen shears long way smell gets actual meat animal mmmmmm mmm mmmm like walking bakery smell enough thanks,1
color treated hair wanted try conditioner combination hair still frizzy unmanageable shampoo causing problem something conditioner agree hair like,0
used love product purchased least cases last year two less impressed quality even little concerned hopefully manufacturer read review motivated fix problem continue buy farmer market pumpkin target made right way costs less manage holistic rescue boarding sanctuary ever pet rescue boarding taken dog swimming beach know essential something stop diarrhea quickly canned powdered pumpkin stop diarrhea caused saltwater ingestion diet changes product works well manufacturer using pumpkins ripe product less nutritious harder feed instead creamy consistency coat kibble thick mix well sometimes harder others notcing overall trend less desirable product maybe amazon getting reject product manufacturer explaining consumer nummy tum tum organic pumpkin puree trusted provide vitamins regular canned pumpkin product deep orange mushy made ripe pumpkins provide nutrients assumed pumpkin fooled yellow firm pumpkin ripe lastly want add two cases contained badly dented cans dented prior packed box plain rude,0
tea loose cup tea comes cup drinkable like pouring loose tea cup filling hot water needs strained wanted return tea returnable item stuck,0
nice idea fit half sweet potato time instead buy immersion blender super easy clean useful things steaming food regular pot steamer basket much faster easier need plugged babycook cute idea nice buy issues design well function lid awkward close little lip lid slide little crevice body use annoying use cannot get thing done unless use two hands food chopping function happens switch turned never hands free except steaming takes longer steaming gas stove cord also short never good kitchen test last night half sweet potato babycook half stove chopped stove done first wait babycook puree right handy order puree potato need additional water means two handed removal lid thing get back chunks lid annoying fit much babycook puree even taking steaming basket still limited one half sweet potato puree batches immersion blender nice move around get chunks tilt container etc got gift asked actually would love return save money invest immersion blender making larger batches hand held food mill need plugged baby eats family eating softer form definitely recommended,0
like order kettle spicy thai chips amazon hard find locally probably aggrieved know recipe changed like regular potatoe chips paid husband gets eat like spicy thai fine yuck,0
bulbs lovely bright light much warmer enjoyable traditional eco flourescent bulbs cold blue light usually hated compact flourescents super excited bulbs amazon terrible packaging plus earthmate equally terrible packaging got bulbs broken arrival waste baby around besides inconvenience return dangerous shards pouring package soon open mention apparently things toxic broken big fat thumbs purchase despite beautiful light remaining three looking another site purchase one packaging better reputation amazon good side though customer service helpful got full refund one phone call yeah hard impossible find anywhere dispose broken mercury containing cfl bulbs tried contact earthmate figure guess phone number website even email address unless want wholesaler word wise never trust warranty company phone number detective work lights made parent company called litetronics confused apparently reputable lightronics number would like pursue similar complaint,0
found granola delicious exactly wanted chocolate element makes indulgent enough motivated eat breakfast skip considering ordered bulk item thought expiration date would like however expires september gives like two three months finish boxes thought kind ridiculous,0
page appears erroneous double entry view product page,0
remove spots going sponges bought,0
tasters choice several types instant coffee ordered coffee picture gourmet received house blend lesseraa grade amazon sent wrong coffee,0
caribbean live united states since get fresh coconut water live order amazon time every weeks wife thought crazy first came acquire taste coconut water order well loved zico cartons also like vita coco bad either figured like zico carton order bottle big mistake unlike product carton bottled stuff absolutely misrepresents authentic coconut water taste like sour milk tasted spoiled coconut water caribbean even tastes better new zico never felt compelled write review product hope zico stops making new product concentrate gets back made coconut water wonderful product first place hope make mistake,0
selection bad however received instead feel like got slightly screwed,0
basically black tea cinnamon cannot taste raspberry probably right even listed ingredients unless count natural flavors would recommend passing hope enjoy raspberry tea would recommend passing general,0
ordered one last month due high ratings old memories mine cereal healthy tasted reasonably good received boxes first one stale smell taste second third fourth fifth sixth one decided sure birds backyard would love would able handle stale taste better well unless also sensitive stomach like,0
read reviews posted site figured would give shed stop try wife black pug sheds like crazy far using product three months seen absolutely change amount shedding hardwood tile floors easily see hair beloved pet leaves behind using shed stop would vacuum three times week several bottles product wife vacuum three times week recently found wife parents use shed stop fluffy cat decided stop buying product noticed change shedding personally think get rid cat dog guy maybe product works maybe bunch people work company planting fake reviews internet know know stuff work time vacuum think going wax dog,0
ordered gardenia mother motner day got peacelily instead cannot get response seller extremely displeased,0
fine texture taste bit pretty disappointed product love many pamela products,0
really enjoy ranch seasoning manufacturer flavor plain bad sickening wish paid attention customer reviews ordering pack even finish one,0
looking ground organic espresso coffee dark roast comes bulk problem coffee ground fine enough produce strong coffee espresso maker fine french press regular coffee pot still looking,0
unless really really really like vinegar avoid chips called vinegar sea salt sea salt vinegar,0
yuck could get passed gross alka seltzer taste finish get energy boost claims give color weird bright pink made wonder put give unusual shade one advantage eboost liberal amounts vitamins small amounts minerals zinc along naturally occurring caffeine however get past taste enjoy benefits,0
would recommend anyone purchase cakes crumble really really bad use cereal bad purchase,0
okay cans sell gas station pack cans obviously anything total rip buy moron,0
wish read reviews ordered product tasteless mushrooms imported china also ordered large container porcini mushrooms supplier marginally better cost much shittakes never,0
first tea smells like synthetic jasmine purely chemical induced secondly let tea sit become room temperature begins change smell something like urine hate leave poor rating especially saying smells like urine else love jasmine drink solely everyday probably worst tea purchased guess look way going pay small price compared pound tea elsewhere assume saying get pay going probably true opinion case,0
pantry pest work sticky adhesive missed moths actually trapped moth triangle hit sides trap nothing bounced like super moth lure tiny attract many moths would try things first buying,0
hoping would alternative canned tuna full skin bones salmon meat like threw whole fish shredder canned even remove backbone trying remove bones skin gave threw maybe got bad guys need open tuna compare product,0
cookies nasty friend could eat anymore one cookie without feeling sick every flavor disgusting,0
unhappy purchase almonds shriveled actually chewy never almonds stale even know almonds could stale packing expiration date god knows long hanging around got bags crap sending back humph,0
expecting taste good coconut waters unpleasant surprise cannot even finish one bottle ugh,0
kahlua cups different flavors seems product properly assembled cups ones spoil cup coffee leaving various quantities coffee grounds brew sometimes much coffee poured sink cup rinsed disappointing,0
first read product first magazine women knew roasted seaweed good things awful first pricey per package picked whole foods hated would stuck bags anway things large seaweed sheets cut bit size spicy eat expected chunky chip magazine touted filling snack could never get filled thin things spice salt much want something like cut large sushi sheet seaweed season much cheaper,0
purchased spry gum local health food store love saw amazon free super saver shipping price good seemed like good deal tasted gum knew something wrong seemed stale old expiration date fine bad know shipping conditions bad exposed heat cold buying amazon,0
husband huge fans ginger use cooking also hot beverages excited try product failed aroma strong begin turn people beverage strange take sip immediately get strong taste ginger biting ginger diminishes quickly great afterbite aftertaste actually aftertaste better first taste found incosistent flavor great idea really think need back rework ginger aspect lemon lemon flavor didnt taste dont think many people would like product unless maybe mixed rum something,0
taste salty packed salt grams sodium recommended daily value four huge crackers silly unhealthy years ago favorite graham crackers del reformulated made oddly lemony salty eat even one better whole wheat crackers example health valley crackers graham amaranthtaste better lower sugar mention sodium gould author feeding kids flexible battles healthy eating system whole family fork spoon field guides,0
howdy like cereal wonderful tasty nicely crunchy let sit long grin buying time buying longer available thru amazon prime puts shipping charge far higher premium pay convenience amazon sells available via prime buying henceforth,0
made dinner cheese way salty also bit weird aftertaste get even tried adding milk butter make less intense still gross also macaroni soak sauce well,0
popcorn good anticipated kids like phony caramel apple flavor lowfat kettlecorn much better,0
cat refuses eat product would recommend buying saw top seller amazon cannot imagine good luck getting cat eat,0
review bowl version nong shim chapagetti noodles black bean paste several korean restaurants flavor one tried using amount water instructions well tossing drained noodles flavor packet either way flavor ranges bland bitter stick chicken beef,0
pringles delicious buy people look picture says super stack big look desription says right fixed immediately ridiculous party sellers jack prices items,0
recieved bag could tell soon opened peppermint contacted right person sent another bag turned peppermint also gave,0
good product like buy taste bud goes good certainly bitter chocolate making hot gourmet chocolate beverage suremichele,0
since two babies formula convenient way order every twelve pack ordered least two cans dented enough dare use expensive getting ten price twelve,0
opened package looked inside every single treat covered slightly furry white film realized covered mold ended throwing entire package away,0
ordered case got envelope customer service india understand much kept insisting one envelope case silly took several phone calls couple weeks since placed order gatorade came multiple flavors want different package size want cest vie never order,0
ordered amazon months back got great tasting arcor strawberry buds red wrappers previously ordered candies marked arcor reordered thinking would get amazon sent bag imitation brand strawberry buds instead brand look taste anywhere near good earlier arcor brand,0
listened reviews bought something else sure went reviews ordered come described like everyone else said little packages cheese variety described order suggest ordering item unless want surprise thought different flavors summer sausage sticks regular beef summer sausage four packages hickory cheese pepper cheese swiss blend cheese packaging little shredded cardboard items tossed arrange hope stay put,0
ordered gift came brown paper bag one give gift comes brown paper bag went retail store makes wonder quality pick floor put random ones bag also looking majority eggnog flavored coffee certainly got disproportionate amount merry christmas,0
find tea peachy flavor also little bitter tried daughter dilute considerably drink add sweetener would recommend product,0
